{
  "一阶五行避劫符": {
    "介绍": "使用后提升凡境突破概率10%",
    "材料": {
      "金": 1,
      "木": 1,
      "水": 1,
      "火": 1,
      "土": 1
    }
  },
  "二阶五行避劫符": {
    "介绍": "使用后提升灵境突破概率10%",
    "材料": {
      "金": 5,
      "木": 5,
      "水": 5,
      "火": 5,
      "土": 5
    }
  },
  "三阶五行避劫符": {
    "介绍": "使用后提升地境突破概率10%",
    "材料": {
      "金": 10,
      "木": 10,
      "水": 10,
      "火": 10,
      "土": 10
    }
  },
  "四阶五行避劫符": {
    "介绍": "使用后提升天境突破概率10%",
    "材料": {
      "金": 15,
      "木": 15,
      "水": 15,
      "火": 15,
      "土": 15
    }
  },
  "五阶五行避劫符": {
    "介绍": "使用后提升尊境突破概率10%",
    "材料": {
      "金": 20,
      "木": 20,
      "水": 20,
      "火": 20,
      "土": 20
    }
  },
  "六阶五行避劫符": {
    "介绍": "使用后提升帝境突破概率10%",
    "材料": {
      "金": 25,
      "木": 25,
      "水": 25,
      "火": 25,
      "土": 25
    }
  },
  "七阶五行避劫符": {
    "介绍": "使用后提升圣境突破概率10%",
    "材料": {
      "金": 30,
      "木": 30,
      "水": 30,
      "火": 30,
      "土": 30
    }
  },
  "八阶五行避劫符": {
    "介绍": "使用后提升神境到神境三阶突破概率10%",
    "材料": {
      "金": 35,
      "木": 35,
      "水": 35,
      "火": 35,
      "土": 35
    }
  },
  "九阶五行避劫符": {
    "介绍": "使用后提升神境三阶以上突破概率10%",
    "材料": {
      "金": 40,
      "木": 40,
      "水": 40,
      "火": 40,
      "土": 40
    }
  },
  "姻缘令": {
    "金": 1,
    "木": 3,
    "水": 1,
    "火": 4,
    "土": 9
  },
  "心心相印": {
    "介绍": "使用后获得1000灵石，10点姻缘值。",
    "材料": {
      "金": 2,
      "木": 2,
      "水": 2,
      "火": 2,
      "土": 2
    }
  },
  "执子之手": {
    "介绍": "使用后获得1000灵石，10点姻缘值。",
    "材料": {
      "金": 3,
      "木": 1,
      "水": 3,
      "火": 2,
      "土": 1
    }
  },
  "一生一世": {
    "介绍": "使用后获得5000灵石，50点姻缘值。",
    "材料": {
      "金": 20,
      "木": 20,
      "水": 20,
      "火": 20,
      "土": 20
    }
  },
  "至臻不渝": {
    "介绍": "使用后获得10000灵石，100点姻缘值。",
    "材料": {
      "金": 10,
      "木": 10,
      "水": 50,
      "火": 50,
      "土": 10
    }
  },
  "凤凰于飞": {
    "介绍": "使用后获得10000灵石，100点姻缘值。",
    "材料": {
      "金": 10,
      "木": 25,
      "水": 25,
      "火": 35,
      "土": 35
    }
  },
  "天下无双": {
    "介绍": "使用后获得500000灵石，500点姻缘值。",
    "材料": {
      "金": 30,
      "木": 30,
      "水": 30,
      "火": 30,
      "土": 30
    }
  },
  "天长地久": {
    "介绍": "使用后获得500000灵石，500点姻缘值。",
    "材料": {
      "金": 50,
      "木": 25,
      "水": 25,
      "火": 25,
      "土": 25
    }
  },
  "星月相惜": {
    "介绍": "使用后获得600000灵石，500点姻缘值。",
    "材料": {
      "金": 30,
      "木": 30,
      "水": 50,
      "火": 40,
      "土": 40
    }
  }
}