[
    {
        "地点": "幽冥仙府",
        "事件": "你踏入了传说中的上古仙人遗迹，这里充满了神秘与未知。历经重重考验，终于来到了禁地的核心地带，面对着强大的BOSS，一场激战不可避免。凭借着过人的智慧与勇气，你巧妙地利用周围环境和手中的法宝，最终战胜了这个看似不可逾越的障碍。作为胜利者的奖赏，遗迹之灵慷慨地赠予了你3000灵石，这不仅是对你实力的认可，更是开启下一段冒险旅程的重要资本。",
        "耗时": "时间30分钟",
        "时长": 1800,
        "奖励": [
            "Spirit_Stone",
            3000
        ]
    },
    {
        "地点": "青云试炼",
        "事件": "你勇攀青云梯，一路战胜各路高手，展现出卓越的技艺与坚定的意志。每一步都充满了挑战，每一个对手都考验着你的智慧与勇气。终于，你站在了巅峰，赢得了无上的荣耀和众人的敬仰。作为对你不懈努力的奖励，系统赠予你当前灵力值20%的额外加成。这份力量不仅增强了你的修为，更坚定了你在修行之路上继续前行的决心。%当前灵力的提升。这不仅是对你实力的肯定，更是你在修仙路上迈出的重要一步，为未来的冒险之旅奠定了坚实的基础。",
        "耗时": "时间30分钟",
        "时长": 1800,
        "奖励": [
            "Psychic_power",
            0.2
        ]
    },
    {
        "地点": "九幽迷宫",
        "事件": "你深入九幽地宫，寻找长生秘籍。四周黑暗寒气弥漫，火把微光指引前行。历经重重机关和凶猛怪兽，终于在一间金碧辉煌的密室内找到了《长生诀》。正当房间剧烈震动时，你迅速将其收入囊中并逃离崩塌的地宫。阳光下，你不仅获得了梦寐以求的秘籍，还意外收获了5000灵石作为额外奖励，助力你在修仙路上更进一步。",
        "耗时": "时间40分钟",
        "时长": 2400,
        "奖励": [
            "Spirit_Stone",
            5000
        ]
    },
    {
        "地点": "灵山福地",
        "事件": "你挺身而出，保护灵山圣地，抵御邪魔入侵。四周阴云密布，邪魔们如潮水般涌来，但你毫不畏惧，挥舞着法宝，施展强大的法术，与邪魔们展开激战。经过一番艰苦卓绝的战斗，终于将邪魔击退，守护了圣地的安宁。作为奖励，你获得了当前灵力的20%提升，这不仅增强了你的实力，也让你在未来的修行之路上更加自信和坚定。",
        "耗时": "时间40分钟",
        "时长": 2400,
        "奖励": [
            "Psychic_power",
            0.20
        ]
    },
    {
        "地点": "天劫雷池",
        "事件": "你经历了一场惊心动魄的天劫洗礼，雷电交加中，你坚定地站在天地之间，承受着天劫的考验。每一次雷霆轰击都仿佛要将你摧毁，但你凭借着坚定的意志和深厚的修为，最终成功渡过了天劫。在天劫的洗礼下，你的境界得到了显著提升，身心俱变得更为强大。作为对你勇气和实力的认可，你获得了10000灵石的丰厚奖励，这将为你未来的修行之路提供强大的支持。",
        "耗时": "时间60分钟",
        "时长": 2400,
        "奖励": [
            "Spirit_Stone",
            10000
        ]
    },
    {
        "地点": "道场",
        "事件": "你在自己的道场中闭关，静心修炼，以克服内心深处的心魔。在漫长的闭关过程中，你面对着种种诱惑和恐惧，但凭借坚定的意志和深刻的自省，最终成功克服了心魔，心境得到了极大的提升。这次突破不仅使你的内心更加平静坚定，也让你的修为更上一层楼。作为对你努力的认可，你获得了当前灵力20%的奖励，这将大大增强你的实力。",
        "耗时": "时间60分钟",
        "时长": 2400,
        "奖励": [
            "Spirit_Stone",
            10000
        ]
    },
    {
        "地点": "墟界遗迹",
        "事件": "你在探索一处古老遗迹时，意外发现了一处墟界通道的遗迹。四周弥漫着神秘而古老的气息，空气中似乎还残留着一丝丝未散的灵力波动。突然，你感受到一股冥冥间的窥视，仿佛有无形的眼睛在暗中观察着你。这股力量既强大又诡异，让你不由得提高了警惕。尽管心中有些不安，但你知道这是一个难得的机会。作为对你勇气和敏锐感知的认可，你获得了5000灵石的奖励，这将为你未来的探险提供有力的支持。",
        "耗时": "时间60分钟",
        "时长": 2400,
        "奖励": [
            "Spirit_Stone",
            5000
        ]
    },
    {
        "地点": "万兽塔",
        "事件": "你途径一处宗门的万兽塔，发现对方宗门的护宗神兽不在。机不可失，你决定趁此机会进入塔内。塔内灵力充盈，各种奇珍异宝令人目不暇接。你小心翼翼地避开重重机关和守卫，最终成功顺走了一块珍贵的灵砖。这块灵砖蕴含着强大的灵力，对你来说无疑是一大收获。作为对你机智和勇气的认可，你获得了3000灵石的奖励，这将为你的修行之路提供更多的资源和支持。",
        "耗时": "时间60分钟",
        "时长": 3600,
        "奖励": [
            "Spirit_Stone",
            3000
        ]
    },
    {
        "地点": "三生石",
        "事件": "你在三生石前静心悟道，探寻前世今生的姻缘。石上浮现的画面让你沉浸在深深的回忆与感悟中，仿佛看到了前世的爱恨情仇。你念及那句“愿君多采撷，此物最相思”，心中涌起无尽的红豆相思之情。在这场心灵的洗礼中，你不仅对情感有了更深的理解，也获得了修为上的突破。作为对你悟性的认可，你获得了15%的灵气修为奖励，使你的实力得到了显著提升。",
        "耗时": "时间60分钟",
        "时长": 3600,
        "奖励": [
            "Psychic_power",
            0.15
        ]
    },
    {
        "地点": "茗月星缘",
        "事件": "你在静谧的夜晚仰望星空，感受着茗月星缘的神秘力量。月光如水，星辰璀璨，仿佛在诉说着古老的缘分与命运。你静静地品茗，心中涌动着对天地间奥秘的感悟。在这份宁静与和谐中，你的内心得到了极大的平静与升华。随着心境的提升，你的修为也达到了一个新的高度。作为对你悟性和心灵纯净的认可，你获得了15%的灵气修为奖励，使你的实力更上一层楼，更加接近修行的至高境界。",
        "耗时": "时间60分钟",
        "时长": 3600,
        "奖励": [
            "Psychic_power",
            0.15
        ]
    },
    {
        "地点": "九川",
        "事件": "你站在高山之巅，心中默念着“很简单，我成尊不就行了”。这句话充满了坚定与自信，仿佛一切困难在你面前都不值一提。在这份强大的信念驱使下，你感受到一股前所未有的力量涌动全身。你的修为迅速提升，心境也变得更加坚定和清明。随着这股力量的注入，你突破了自身的瓶颈，达到了一个新的境界。作为对你坚定意志和强大信念的认可，你获得了15%的灵气修为奖励，使你的实力更上一层楼，距离成为真正的至尊更近了一步。",
        "耗时": "时间60分钟",
        "时长": 3600,
        "奖励": [
            "Psychic_power",
            0.15
        ]
    },
    {
        "地点": "Ffmpeg",
        "事件": "你在静谧的夜晚仰望星空，心中默念着“三十年河东，三十年河西”。这句话不仅道出了世事无常、风水轮转的道理，也激励着你不断努力，永不放弃。在这份坚定信念的驱动下，你感受到一股强大的力量在体内涌动。你的修为迅速提升，心境也变得更加坚韧和开阔。随着这股力量的注入，你突破了自身的瓶颈，达到了一个新的境界。作为对你坚持不懈和深刻领悟的认可，你获得了15%的灵气修为奖励，使你的实力更上一层楼，更加坚定了你在修行道路上的决心。",
        "耗时": "时间60分钟",
        "时长": 3600,
        "奖励": [
            "Psychic_power",
            0.15
        ]
    },
    {
        "地点": "墟界大战",
        "事件": "你误入了一处幻化深渊，不料竟然穿梭时空，亲眼目睹了千百年前那场惊天动地的墟界大战。奇景壮观，无数强者在战场上纵横捭阖，法力激荡。这场震撼人心的景象让你心潮澎湃，感悟良多。在这次奇异的经历中，你不仅见识到了前所未有的力量，更在一朝之间顿悟得道。作为对你这次非凡经历的认可，你获得了50%的灵气修为奖励，使你的实力得到了巨大的提升，修行之路更加光明。",
        "耗时": "时间60分钟",
        "时长": 3600,
        "奖励": [
            "Psychic_power",
            0.5
        ]
    },
    {
        "地点": "犄角旮旯",
        "事件": "偶遇修仙劫匪，不料空手而归。什么都没有",
        "耗时": "时间20分钟",
        "时长": 1200,
        "奖励": [
            "Spirit_Stone",
            1
]
    },
    {
        "地点": "幽冥森林",
        "事件": "你在幽冥森林中漫步时，意外发现了一处隐藏的洞穴。洞穴内弥漫着浓郁的灵气，你感受到一股强大的力量在其中涌动。经过一番探索，你找到了一块古老的灵石，这块灵石蕴含着巨大的能量。作为对你勇气和敏锐感知的认可，你获得了5000灵石的奖励，这将为你未来的探险提供有力的支持。",
        "耗时": "时间30分钟",
        "时长": 1800,
        "奖励": [
            "Spirit_Stone",
            5000
        ]
    },
    {
        "地点": "天池秘境",
        "事件": "你偶然间发现了传说中的天池秘境入口。进入秘境后，你被眼前的美景所震撼。湖水清澈见底，四周环绕着各种奇花异草。你在湖边静坐修炼，感受到了前所未有的灵气充盈。这次经历让你的修为得到了显著提升。作为对你悟性的认可，你获得了20%的灵气修为奖励，使你的实力更上一层楼。",
        "耗时": "时间30分钟",
        "时长": 1800,
        "奖励": [
            "Psychic_power",
            0.2
        ]
    },
    {
        "地点": "龙渊洞府",
        "事件": "在一次探险中，你找到了一个被遗忘已久的龙渊洞府。洞府内藏有大量珍贵药材与法宝。通过一段时间的学习和吸收，你的整体实力有了质的飞跃。在洞府深处，你还发现了一块蕴含强大灵力的灵石。作为对你努力和毅力的认可，你获得了8000灵石的奖励，这将为你的修行之路提供更多的资源和支持。",
        "耗时": "时间60分钟",
        "时长": 3600,
        "奖励": [
            "Spirit_Stone",
            8000
        ]
    },
    {
        "地点": "星河遗迹",
        "事件": "夜晚仰望星空时，一道奇异光芒将你带到了遥远的星河遗迹。在那里，你学会了如何利用星辰之力进行修炼，从而大大增强了自身能力。遗迹中还有一块闪耀着光芒的灵石，你将其收入囊中。作为对你智慧和勇气的认可，你获得了6000灵石的奖励，这将为你的修行之路提供更多的支持。",
        "耗时": "时间30分钟",
        "时长": 1800,
        "奖励": [
            "Spirit_Stone",
            6000
        ]
    },
    {
        "地点": "冰封雪域",
        "事件": "寒冷刺骨的冰封雪域中隐藏着强大而又纯净的能量。通过挑战严酷环境下的生存考验，你不仅锻炼了意志力，还让自己的修为更上一层楼。在这片冰雪世界中，你发现了一块被冰封的灵石，将其解冻后，灵石散发出耀眼的光芒。作为对你坚韧不拔的认可，你获得了4000灵石的奖励，这将为你的修行之路提供更多的资源。",
        "耗时": "时间30分钟",
        "时长": 1800,
        "奖励": [
            "Spirit_Stone",
            4000
        ]
    },
    {
        "地点": "火焰山脉",
        "事件": "勇敢地踏入了炽热无比的火焰山脉，面对重重困难，你终于找到了控制火元素的方法。这次经历使你在战斗技巧方面取得了巨大进步。在一座火山口旁，你发现了一块被熔岩包裹的灵石，将其取出后，灵石散发出炽热的光芒。作为对你勇气和毅力的认可，你获得了7000灵石的奖励，这将为你的修行之路提供更多的支持。",
        "耗时": "时间40分钟",
        "时长": 2400,
        "奖励": [
            "Spirit_Stone",
            7000
        ]
    },
    {
        "地点": "云顶天宫",
        "事件": "飞升至云端之上的天宫，遇见了众多高人异士。他们传授给你许多修行秘诀，帮助你在短时间内突破瓶颈，达到新的境界。在天宫的一座宫殿中，你发现了一块镶嵌在墙壁上的灵石，将其取下后，灵石散发出柔和的光芒。作为对你悟性和努力的认可，你获得了30%的灵气修为奖励，使你的实力得到了显著提升。",
        "耗时": "时间30分钟",
        "时长": 1800,
        "奖励": [
            "Psychic_power",
            0.3
        ]
    },
    {
        "地点": "深渊炼狱",
        "事件": "不慎落入了恐怖的深渊炼狱之中，但正是这种极端恶劣的环境下激发出了你体内潜在的力量。经过艰苦卓绝的努力，你最终成功脱困并变得更加强大。在炼狱深处，你发现了一块被黑暗力量包裹的灵石，将其净化后，灵石散发出耀眼的光芒。作为对你勇气和毅力的认可，你获得了9000灵石的奖励，这将为你的修行之路提供更多的资源。",
        "耗时": "时间60分钟",
        "时长": 3600,
        "奖励": [
            "Spirit_Stone",
            9000
        ]
    },
    {
        "地点": "迷雾沼泽",
        "事件": "穿越了充满未知危险的迷雾沼泽，在与各种诡异生物斗争的过程中，你逐渐掌握了自然界的法则，使得个人修为得以快速提升。在一处隐蔽的沼泽深处，你发现了一块被藤蔓缠绕的灵石，将其解开后，灵石散发出清新的光芒。作为对你智慧和勇气的认可，你获得了5000灵石的奖励，这将为你的修行之路提供更多的支持。",
        "耗时": "时间40分钟",
        "时长": 2400,
        "奖励": [
            "Spirit_Stone",
            5000
        ]
    },
    {
        "地点": "水晶宫殿",
        "事件": "深入地下发现了一座由透明水晶构成的宫殿。在这里，你学会了如何利用水晶内部蕴含的能量来增强自身力量，从而实现了自我超越。在宫殿中心，你发现了一块璀璨夺目的灵石，将其取下后，灵石散发出耀眼的光芒。作为对你悟性和努力的认可，你获得了25%的灵气修为奖励，使你的实力得到了显著提升。",
        "耗时": "时间20分钟",
        "时长": 1200,
        "奖励": [
            "Psychic_power",
            0.25
        ]
    },
    {
        "地点": "雷电峡谷",
        "事件": "勇敢地闯入雷电交加的峡谷中寻找宝藏。虽然遭遇了许多困难，但最终还是找到了能够引导雷霆之力的秘密。这使得你的攻击力大幅度增加。在峡谷深处，你发现了一块被雷电包裹的灵石，将其取出后，灵石散发出耀眼的光芒。作为对你勇气和毅力的认可，你获得了6000灵石的奖励，这将为你的修行之路提供更多的资源。",
        "耗时": "时间30分钟",
        "时长": 1800,
        "奖励": [
            "Spirit_Stone",
            6000
        ]
    },
    {
        "地点": "幽暗森林",
        "事件": "在幽暗森林里偶遇一只受伤的神兽。你用尽全力救治它，并因此得到了它的感激之情。作为回报，神兽教会了你一些非常有用的技能。在森林深处，你发现了一块被树根包裹的灵石，将其取出后，灵石散发出柔和的光芒。作为对你善良和努力的认可，你获得了4000灵石的奖励，这将为你的修行之路提供更多的支持。",
        "耗时": "时间40分钟",
        "时长": 2400,
        "奖励": [
            "Spirit_Stone",
            4000
        ]
    },
    {
        "地点": "天空之城",
        "事件": "乘坐飞行器抵达了位于云端之上的天空之城。在这里，你结识了许多志同道合的朋友，并一起参加了多次冒险活动，从中获益匪浅。在天空之城的一座塔楼中，你发现了一块镶嵌在墙壁上的灵石，将其取下后，灵石散发出柔和的光芒。作为对你友谊和努力的认可，你获得了30%的灵气修为奖励，使你的实力得到了显著提升。",
        "耗时": "时间30分钟",
        "时长": 1800,
        "奖励": [
            "Psychic_power",
            0.3
        ]
    },
    {
        "地点": "沙漠绿洲",
        "事件": "迷失在茫茫沙漠中时幸运地找到了一处隐蔽的绿洲。在那里，你得到了充分休息并恢复体力。同时，你还学会了一些关于水元素控制的知识。在绿洲中央，你发现了一块被沙子覆盖的灵石，将其清理后，灵石散发出清澈的光芒。作为对你智慧和毅力的认可，你获得了5000灵石的奖励，这将为你的修行之路提供更多的资源。",
        "耗时": "时间40分钟",
        "时长": 2400,
        "奖励": [
            "Spirit_Stone",
            5000
        ]
    },
    {
        "地点": "幻影湖泊",
        "事件": "来到一片宁静美丽的幻影湖泊旁静坐冥想。随着时间流逝，周围景色开始发生变化，仿佛进入了另一个世界。这段奇妙的经历让你对心灵修炼有了更深理解。在湖泊中央，你发现了一块漂浮在水面的灵石，将其取下后，灵石散发出神秘的光芒。作为对你悟性和努力的认可，你获得了20%的灵气修为奖励，使你的实力得到了显著提升。",
        "耗时": "时间30分钟",
        "时长": 1800,
        "奖励": [
            "Psychic_power",
            0.2
        ]
    },
    {
        "地点": "古战场遗址",
        "事件": "参观了一处历史悠久的古战场遗址。通过仔细观察残留下来的痕迹以及聆听当地居民讲述的故事，你对于武技修炼有了新的感悟。在遗址中央，你发现了一块被泥土覆盖的灵石，将其清理后，灵石散发出耀眼的光芒。作为对你智慧和勇气的认可，你获得了4000灵石的奖励，这将为你的修行之路提供更多的支持。",
        "耗时": "时间30分钟",
        "时长": 1800,
        "奖励": [
            "Spirit_Stone",
            4000
        ]
    },
    {
        "地点": "海底宫殿",
        "事件": "潜水进入深海底部的一座宫殿内探险。在里面发现了许多稀世珍宝，并且还学会了如何操控水流进行攻击或防御。在宫殿中心，你发现了一块被海水包裹的灵石，将其取出后，灵石散发出耀眼的光芒。作为对你勇气和毅力的认可，你获得了7000灵石的奖励，这将为你的修行之路提供更多的资源。",
        "耗时": "时间60分钟",
        "时长": 3600,
        "奖励": [
            "Spirit_Stone",
            7000
        ]
    },
    {
        "地点": "风之山谷",
        "事件": "漫步于清风徐来的山谷间感受大自然的气息。不知不觉间，你发现自己竟然能够借助风力飞翔起来！这种新奇体验极大地丰富了你的修行方式。在山谷深处，你发现了一块被风吹动的灵石，将其取下后，灵石散发出柔和的光芒。作为对你悟性和努力的认可，你获得了25%的灵气修为奖励，使你的实力得到了显著提升。",
        "耗时": "时间20分钟",
        "时长": 1200,
        "奖励": [
            "Psychic_power",
            0.25
        ]
    },
    {
        "地点": "时光隧道",
        "事件": "误打误撞进入了一条连接不同时空的隧道。穿梭其间时，你见证了许多历史事件的发生过程。这些宝贵的经历让你对宇宙规律有了更加深刻的认识。在隧道尽头，你发现了一块被时空之力包裹的灵石，将其取出后，灵石散发出耀眼的光芒。作为对你智慧和勇气的认可，你获得了8000灵石的奖励，这将为你的修行之路提供更多的资源。",
        "耗时": "时间40分钟",
        "时长": 2400,
        "奖励": [
            "Spirit_Stone",
            8000
        ]
    },
    {
        "地点": "梦境空间",
        "事件": "进入了一个奇特的梦境空间，在这里你可以随心所欲地创造任何想象中的事物。通过不断地尝试与实践，你逐渐领悟到了梦境与现实之间的微妙联系。在梦境空间的中心，你发现了一块被梦幻之力包裹的灵石，将其取出后，灵石散发出神秘的光芒。作为对你悟性和努力的认可，你获得了30%的灵气修为奖励，使你的实力得到了显著提升。",
        "耗时": "时间30分钟",
        "时长": 1800,
        "奖励": [
            "Psychic_power",
            0.3
        ]
    }
]